date,source,title,link,description
2026-10-10,네이버뉴스,“건설주는 무조건 PBR?”...삼성E&A가 흔든 몸값 공식,https://www.mk.co.kr/article/12171484,"가령, 현대건설은 여전히 주택과 국내외 건설 사업 중심이다. 원전이 향후 사업 구조를 바꿀 핵심 성장동력으로 꼽히지만 아직 회사 전체 실적을 바꿀 만큼 반복적인 이익을 증명한 단계는 아니다. 현재로서는 기존 건설... "
2026-10-10,네이버뉴스,"'반디클' vs '디에이치 반포124', 아파트명 변경 '갑론을박'",https://www.edaily.co.kr/News/Read?newsId=03001206645611608&mediaCodeNo=257&utm_source=naver&utm_medium=referral&utm_campaign=news_syndication&utm_content=original_article,반포 주공1단지 124주구 재건축 단지 조감도 (사진=현대건설) 10일 정비업계에 따르면 조합원 공모 1위에 오른 명칭인 ‘디에이치 반포124’가 총회에서 58.78%의 지지를 얻으면서 기존 ‘디에이치 클래스트’를 변경할... 
2026-10-10,네이버뉴스,"""오늘 분양가가 가장 싸다""…건축비 뛰자 분상제 아파트 청약 경쟁률 1....",https://www.ebn.co.kr/news/articleView.html?idxno=1727297,현대건설은 오는 11월 서울 서초구 반포동 반포주공1단지 1·2·4주구를 재건축하는 '반포 디에이치 클래스트'를 분양할 예정이다. 총 5002가구 가운데 전용 59~130㎡ 1832가구가 일반분양 물량으로 계획돼 있다.... 
2026-10-10,네이버뉴스,임계 열흘 만에 전력망 뚫은 중국 톈완 7호기… 원전 수출 시운전 시계...,https://www.g-enews.com/view.php?ud=202610101403102858fbbec65dfb_1,"한국수력원자력과 두산에너빌리티, 현대건설로 구성된 팀코리아는 체코 두코바니 신규 원전 사업에서 정해진 예산과 공기 준수를 최대 강점으로 내세웠다. 두산에너빌리티의 주기기 제작 경쟁력과 한국형 원전인... "
2026-10-10,네이버뉴스,건축비 인상에 몸값 뛰는 분상제 단지,https://www.shinailbo.co.kr/news/articleView.html?idxno=5070143,현대건설은 다음 달 서울 서초구 반포동 '반포 디에이치 클래스트' 아파트를 분양할 예정이다. 반포주공1단지(1·2·4주구)를 재건축하는 단지로 총 5002가구 가운데 59~130㎡ 1832가구가 일반분양된다. 지하철 9호선... 
2026-10-10,네이버뉴스,"현대엔지니어링, 재생에너지 연계형 수전해 플랜트 기술 개발...에너지...",http://www.econonews.co.kr/news/articleView.html?idxno=445513,"제주에너지공사가 과제를 주관하며 현대건설, 현대자동차, 한국전력거래소, 제주대학교 등 총 10개 산학연 기관이 참여한다. 사업의 핵심은 알칼라인(ALK)과 고분자전해질막(PEM) 수전해 설비를 결합한 플랜트를 구축하고... "
2026-10-10,네이버뉴스,[정비판 다음 격전지는 용산②] 여의도·목동 다음은 용산…현대·삼성...,https://daily.hankooki.com/news/articleView.html?idxno=1413349,서울 도심 핵심 입지인 용산에서 조 단위 정비사업들이 속도를 내면서 현대건설·삼성물산·GS건설·대우건설 등 주요 건설사들의 '대어 선점전'도 달아오르는 모습이다. 올해 들어 역대급 정비사업 수주 실적을 쌓고... 
2026-10-10,네이버뉴스,인천 송도자원순환센터 현대화 착착…청라 대체시설은 엇박자,https://www.incheonilbo.com/news/articleView.html?idxno=1333791,인천시는 최근 '송도자원순환센터 현대화 사업 건설공사 기본계획'을 고시하고 내년 10월 착공을 목표로 사업을 추진한다고 10일 밝혔다. 총사업비 2648억원을 투입해 연수구 인천신항대로 892번길 50 인근에 하루 265t을... 
2026-10-10,네이버뉴스,LG엔솔 시총 2.8조 늘자 LG그룹 3위 탈환...200조까지 1.45조 남았다,https://www.insight.co.kr/news/577184,현대글로비스·현대건설·현대로템까지 포함하면 시총 10조원 이상 상장사는 6곳이다.LG그룹은 시총 200조원에 도달하기까지 남은 금액은 1조4554억원이다. 8일 기준 시총에서 약 0.73% 늘어나면 200조원을... 
2026-10-10,네이버뉴스,'비주얼 쇼크' 19살 막내 KIA 치어리더 최지원 [치얼UP영상],https://www.mydaily.co.kr/page/view/2026100116094766622,"한편 KIA 막내 치어리더 최지원은 2007년 생으로 2025-26 겨울시즌 안양 정관장 레드부스터스, 수원 한국전력 빅스톰, 수원 현대건설 힐스테이트의 응원단 치어리더로 활동을 시작했으며, 2026년 시즌부터 KIA 타이거즈... "
2026-10-10,네이버뉴스,[에너지오디세이]⑩SMR로 '세 마리 토끼' 잡는다…전 세계가 속도전,https://view.asiae.co.kr/article/2026100920430147451,"이외에도 삼성물산, 현대건설, 현대중공업, DL E&C, GS에너지, 삼성중공업, 현대엔지니어링, SK이노베이션 등이 해외 SMR 프로젝트에 참여하고 있거나 지분을 투자했다. 국내에서 가장 먼저 건설되는 SMR은... "
2026-10-10,네이버뉴스,"北, 신계군에 현대식 주택 건설…축하 모임 개최",https://www.news1.kr/photos/8151786,= 북한 노동당 기관지 노동신문은 10일 황해북도 신계군에서 살림집 입사 모임(입주축하모임)이 9일 진행됐다고 전했다.
2026-10-10,네이버뉴스,교보문고·최인아 책방과 손잡은 건설사들…아파트 독서 공간 고급화,https://www.news1.kr/realestate/general/6314977,6000권 북카페에 작가 초청 행사까지…독서 서비스 확대 지난 9월 입주를 시작한 현대건설(000720) '디에이치 방배'는 서점 브랜드 '아크앤북'과 협업해 약 6000권의 도서를 갖춘 북카페를 운영하고 있다. 입주민을 위한 도서... 
2026-10-10,네이버뉴스,철길 따라 집값도 달렸다…신설역 들어서자 거래·가격 '들썩',https://www.newsway.co.kr/news/view?ud=2026100916492967029,"인천 용현·학익지구에서는 IPARK현대산업개발과 현대건설, 포스코이앤씨가 '시티오씨엘 9단지 오션파크뷰'를 분양 중이다. 전용 59~136㎡ 총 1949가구 규모다. 2028년 개통 예정인 수인분당선 학익역이 도보권에... "
2026-10-10,네이버뉴스,"원전 르네상스 왔는데…""일할 사람이 없다"" 전문인력 부족에 발목",https://www.electimes.com/news/articleView.html?idxno=373217,"현대건설과 GS건설, 대우건설 등은 원전·SMR 분야 인력 채용을 확대하고 있으며 원전 사업 경험을 가진 전문인력을 확보하기 위한 기업 간 경쟁도 치열해지고 있다. 미국 원전 사업에서도 인력 문제는 이미 핵심... "
2026-10-10,네이버뉴스,"[투데이온] 현대건설, 네덜란드 원전 설계 합류…웨스팅하우스와 4번째...",https://www.the-today.com/news/articleView.html?idxno=91463,현대건설이 네덜란드가 국가 에너지 전환을 위해 추진 중인 신규 대형 원자력발전소 2기 건설의 초기 설계(FEED)에 공식 착수했다. 미국 웨스팅하우스(Westinghouse)의 핵심 EPC(설계·조달·시공) 파트너로 합류한... 
2026-10-10,네이버뉴스,‘엔비디아 파트너’가 뭐길래…전자회사 뿐 아니라 유통·건설사까지 ...,https://biz.heraldcorp.com/article/10897286?ref=naver,삼성SDS나 LG CNS 같은 클라우드 사업자는 물론 데이터센터를 짓는 현대건설·GS건설도 엔비디아 파트너 지위를 얻었다. 10일 업계에 따르면 LG전자는 지난달 말 AI 데이터센터 ‘파워 앤 쿨링(Power and Cooling)’ 분야... 
2026-10-10,네이버뉴스,굳어 있던 박정희 쓸쓸한 미소 지었다…서거 며칠 전 MB의 ‘천운’,https://www.joongang.co.kr/article/25468563,"당시 현대건설 사장이던 나는 단순히 현대건설을 대표해 대통령 행사에 참석하는 것으로만 생각했다. 그때까지만 해도 나는 내가 실로 난처하기 이를 데 없는 처지에 놓이게 될 줄, 그리고 10·26 직전 박정희... "
2026-10-10,네이버뉴스,"현대엔지니어링, 재생에너지 연계 수전해 플랜트 개발 추진",https://www.sentv.co.kr/article/view/sentv202610100005,"과제는 제주에너지공사가 주관하며 현대엔지니어링과 현대건설, 현대자동차, 한국전력거래소, 제주대학교 등 10개 산학연 기관이 참여한다. 현대엔지니어링과 현대건설의 통합 연구개발 조직인 HMG건설기술연구원은... "
2026-10-10,네이버뉴스,"현대건설, 웨스팅하우스와 네덜란드 신규 원전 2기 기본설계 착수",https://www.sentv.co.kr/article/view/sentv202610100004,현대건설이 미국 웨스팅하우스와 네덜란드 신규 대형원전 2기 건설을 위한 기본설계에 착수했다. 10일 현대건설에 따르면 회사는 지난 7일 웨스팅하우스와 네덜란드 신규 대형원전 건설 사업의 1단계 기본설계(FEED 1)... 
2026-10-10,네이버뉴스,[천자칼럼] 잠수교의 변신,https://www.hankyung.com/article/2026100928901,육군 공병단과 현대건설이 맡은 공사는 불과 10개월 만에 끝났다. 잠수교는 강남 개발의 역사와도 맞닿아 있다. 강북 인구와 도시 기능이 포화 상태에 이르면서 강남 개발의 필요성이 커진 것은 1960년대 중반이다.... 
2026-10-10,네이버뉴스,당첨되면 수십억 차익.. 강남권 최대어 '반디클' 청약 나온다,https://www.theguru.co.kr/news/article.html?no=107984,"앞서 조합원 사이에서 현대건설의 '디에이치' 브랜드가 흔해지자 ""디에이치를 아예 빼고 고유 단지명을 정하자""'는 목소리가 우세했다. 하지만 조합이 현대건설과의 계약 조건과 사업 속도 등을 고려해 새 이름에도... "
2026-10-09,네이버뉴스,대구 정비사업 95% 역외 건설사 ‘독식’ 이번엔 달라질까,https://www.yeongnam.com/web/view.php?key=20261009024099976,"나머지는 외지 건설사들로 현대건설, GS건설, 롯데건설, 포스코이앤씨, 대우건설이 각각 5건 이상(컨소시엄 참여 포함) 수주했다. DL이앤씨와 코오롱글로벌, 아이에스동서, HDC현대산업개발도 3건씩 확보했다.역외... "
2026-10-09,네이버뉴스,"[한국건설기술연구원 스마트건설지원센터 보육기업 CEO] 계약, 정산까지...",https://magazine.hankyung.com/job-joy/article/202610093094d,"건설업은 기본적으로 수주 산업이기 때문에 현대건설과 같은 원청 대기업과 직접 거래하기보다는, 실제 현장에서 장비를 운용하는 1차 협력 업체 기업들과 협업하는 방식을 택하고 있다. 이 외에도 여러 대기업 및... "
2026-10-09,네이버뉴스,반포주공124주구 새 이름 '디에이치 반포124' 확정,https://www.newsway.co.kr/news/view?ud=2026100921541084372,기존 단지명인 '디에이치 클래스트'와 시공사 현대건설이 추가로 제안한 '디에이치 클레오스'도 최종 후보에 포함됐다. 앞서 현대건설은 최상위 주거단지를 구현하겠다는 의미를 담아 '디에이치 클래스트(Class+est)'를... 
2026-10-09,네이버뉴스,故 정주영 회장 북촌 저택 '반값'된 사연,https://www.ajunews.com/view/20261009161337743,당시 오랜기간 거주한 청운동 자택을 떠나 가회동으로 거처를 옮긴 뒤 현대건설 사옥까지 200m 가량을 걸어서 출퇴근한 것으로 알려졌다. 해당 저택은 지난 6월 중순 첫 입찰에 나왔지만 응찰자가 나타나지 않아 세... 
2026-10-09,네이버뉴스,"'하락장에 그룹 시총 '빅3' 지각변동', LG 3위 탈환",https://economist.co.kr/article/view/ecn202610090010,"현대차그룹에서의 시총 순위는 기아 41조7742억원, 현대모비스 32조3354억원, 현대글로비스 13조7400억원, 현대건설 11조8371억원, 현대로템 11조4381억원 순이다. 시총 10조원 이상의 계열사가 상장사 중 절반인 6개나... "
2026-10-09,네이버뉴스,"현대엔지니어링, 풍력발전 연계 수소 생산기술 개발…국책과제 참여",https://www.seoultimes.news/news/article.html?no=2000100711,알칼라인·고분자전해질막 방식 결합…수전해 플랜트 성능 검증 현대건설과 기본·상세설계 및 통합 제어 시스템 개발 담당 보령·제주 사업 경험 활용…국내외 수소 생산사업 확대 추진 [서울타임즈뉴스 = 서연옥 기자]... 
2026-10-09,네이버뉴스,'분당 목련마을 빌라' 잡아라…GS·대우·현산 3파전,https://www.hankyung.com/article/2026100927771,"양지마을에는 삼성물산이, 샛별마을과 시범단지에는 현대건설과 GS건설 등이 관심을 두고 있는 것으로 알려졌다. 선도지구 네 곳의 재건축 후 규모는 2만413가구다. 올해 분당 2차 특별정비구역 지정에는 50개 구역... "
2026-10-09,네이버뉴스,"'개포 마지막 퍼즐' 개포주공6·7단지, 관리처분인가 통과…내년 1월 이...",https://realty.chosun.com/site/data/html_dir/2026/10/09/2026100901374.html,"시공사는 현대건설이며 재건축 후 단지명은 ‘디에이치 르베르’다. 3.3㎡당 공사비는 890만원이며, 사업 비례율은 79.25%로 추산됐다. 이는 직전 조합원 분양신청 당시보다 0.67%포인트 낮아진 것으로 조합원... "
2026-10-09,네이버뉴스,삼성물산·현대건설 선점한 여의도에…DL이앤씨도 첫 수주 도전,https://www.seoul.co.kr/news/economy/estate/2026/10/09/20261009500121?wlog_tag3=naver,삼성물산과 현대건설 등이 주요 사업장을 선점한 가운데 목동과 성수에 이어 여의도로 정비사업 영역을 넓히려는 행보다. 다만 건설사들이 공사비와 금융비용 부담에 선별 수주 기조를 이어가면서 실제 경쟁입찰이... 
2026-10-09,네이버뉴스,시총 3위 내준 현대차그룹…계열사 절반 주가 '반토막' 난 이유,https://ilyo.co.kr/?ac=article_view&entry_id=513098,"기아와 현대차증권도 각각 49.7%, 49.5% 하락했으며, 현대건설은 45.7%, 현대제철은 44.0%, 현대글로비스는 38.2%, 이노션은 20.6% 낮아졌다. 자동차 제조 계열사 현대차와 기아에서는 외형 성장에도 수익성이 약화하는... "
2026-10-09,네이버뉴스,"현장 뛰던 건설사들, 가족친화로 조직문화 바꾼다",https://www.seoulfn.com/news/articleView.html?idxno=639704,"9일 각사의 지속가능경영보고서에 따르면 현대건설, 대우건설, GS건설, DL이앤씨, HDC현대산업개발의 2025년 전체 육아휴직 사용률은 평균 27.1%로 집계됐다. 2024년 평균 16.4%와 비교하면 10.6%p 상승했다. 이 가운데 GS건설은... "
2026-10-09,네이버뉴스,[건설 브리핑] 친환경 미래 기술·대규모 복합개발·도시정비로 미래 성...,http://www.dailypop.kr/news/articleView.html?idxno=103217,"이번 과제에는 제주에너지공사가 주관하고 현대엔지니어링, 현대건설, 현대자동차, 한국전력거래소 등 10개 산학연 기관이 참여한다. 현대엔지니어링과 현대건설의 통합 연구개발 조직인 HMG건설기술연구원은... "
2026-10-09,네이버뉴스,철도역 따라 오르는 집값…가을철 '역세권 신규 단지' 공급 랠리,https://www.shinailbo.co.kr/news/articleView.html?idxno=5069710,"IPARK현대산업개발·현대건설·포스코이앤씨 컨소시엄은 인천 미추홀구 용현·학익 1블록 도시개발사업 공동 3블록 일원에서 '시티오씨엘 9단지 오션파크뷰'를 분양 중이다. 지하 2층~지상 49층 9개동, 59~136㎡ 1949가구... "
2026-10-09,네이버뉴스,신한은행의 다음성장 공식② 기업금융 키우는 신한…대출보다 '관계'에...,http://www.dailypop.kr/news/articleView.html?idxno=103191,현대건설엔 자문·주선·투자…대출 밖으로 확장 대기업과의 거래에서는 단순 대출보다 금융 서비스의 범위를 넓히고 있다. 신한은행은 지난 2월 현대건설과 생산적 금융 활성화를 위한 업무협약을 체결했다. 협력... 
2026-10-09,네이버뉴스,"현대엔지니어링, 재생에너지로 수소 생산…수전해 플랜트 기술 개발",https://news.tvchosun.com/site/data/html_dir/2026/10/09/2026100990093.html,"제주에너지공사 주관으로 현대엔지니어링과 현대건설을 비롯해 현대자동차, 한국전력거래소, 제주대학교 등 10개 기관이 참여한다. 현대엔지니어링과 현대건설의 통합 연구개발 조직인 HMG건설기술연구원은 하이브리드... "
2026-10-09,네이버뉴스,"""10억 주고 샀는데 40억 됐다""…강남 넘보는 '낡은 빌라촌' [이슬기의 새...",https://www.hankyung.com/article/2026100779056,"시공을 맡은 현대건설은 이곳에 '디에이치 한남'이라는 단지명을 내걸고, 남산 자락의 구릉지 지형을 살린 테라스 하우스 형태의 특화 설계를 선보일 예정입니다. 지하철 6호선 이태원역 상권과 가깝게 맞닿은 한남... "
2026-10-09,네이버뉴스,"신한은행, '복정역세권 복합개발사업' 2조2800억원 금융주선 완료",https://www.getnews.co.kr/news/articleView.html?idxno=883100,"신한은행은 현대건설과의 전략적 협업을 바탕으로 2023년 7월 복정역세권 복합개발사업 공모사업 컨소시엄에 대표 재무적 투자자(FI)로 참여했다. 이후 금융주선기관으로서 사업성 검토부터 금융구조 설계, 금융기관... "
2026-10-09,네이버뉴스,"현대엔지니어링, 하이브리드 수전해 플랜트 개발로 글로벌 시장 진출 추...",http://www.ttlnews.com/news/articleView.html?idxno=3150247,"제주에너지공사가 주관 기관을 맡고 현대건설, 현대자동차, 한국전력거래소, 제주대학교 등 10개 산학연 기관이 공동 전선을 구축했다. 풍속 변화에 따라 발전량이 널뛰는 풍력 전력을 흡수해 수소 생산 단가를... "
